{
	"type": "SingleTypeGenerator",
	"name": "Banana reactor",
	"description": "Just the best place for your bananas",
	"itemCapacity": 10,
	"size": 3,
	"hasLiquids": false,
    "powerProduction": 13,
    "itemDuration" : 60,
	"updateEffect": "smeltsmoke",
	"consumes": {
		"item": "banana"
    },
	"requirements": [
		{"item": "titanium", "amount": 90},
		{"item": "copper", "amount": 250},
		{"item": "silicon", "amount": 105}
	],
	"category": "power",
	"research": "thermal-generator",
	"idleSound": "respawning",
	"idleSoundVolume": 0.5
}
