{
	"type": "NuclearReactor",
	"name": "Experimental reactor",
	"description": "Experimental plutonium reactor",
	"itemCapacity": 10,
	"size": 4,
	"heating": 0.02,
	"hasLiquids": true,
    "powerProduction": 50,
    "itemDuration" : 80,
	"updateEffect": "smeltsmoke",
	"consumes": {
		"item": "plutonium",
		"liquid": {
			"liquid": "heavy-water",
			"amount": 0.1
		}
    },
	"requirements": [
		{"item": "titanium", "amount": 100},
		{"item": "phase-fabric", "amount": 250},
		{"item": "silicon", "amount": 150},
		{"item": "surge-alloy", "amount": 60}
	],
	"category": "power",
	"research": "thermal-generator"
}
